smiles,HF,LF
FC(F)(F)C(Cl)(Cl)Cl,0.2122762148337596,0.14552501761804085
FC(F)(Cl)C(F)(Cl)Cl,0.21131713554987216,0.13847780126849896
FC(F)(Cl)C(F)(F)Cl,0.18957800511508954,0.08985200845665961
FC(F)(F)C(F)(F)Cl,0.08631713554987214,0.04510218463706836
N#CC(Cl)(Cl)Cl,0.2122762148337596,0.15856236786469344
N#CC#N,0.039322250639386186,0.025369978858350958
FC(F)(F)C(F)(F)F,0.03037084398976984,0.0
O=C(Cl)C(Cl)(Cl)Cl,0.27813299232736577,0.20190274841437633
ClC(Cl)C(Cl)(Cl)Cl,0.32960358056265987,0.24911909795630724
O=C(O)C(F)(F)F,0.05338874680306906,0.018675123326286125
FC(F)C(F)(F)F,0.026854219948849112,0.0010570824524312984
FC(F)(F)C(Cl)Cl,0.12691815856777494,0.09478505990133898
FC(Cl)C(F)(F)Cl,0.1528132992327366,0.09866102889358702
FCC(F)(F)F,0.024616368286445013,0.0031712473572938792
BrC(Br)C(Br)Br,0.40824808184143224,0.31959126145172656
ClC(Cl)C(Cl)Cl,0.2675831202046036,0.19767441860465113
O=C(Cl)CCl,0.1547314578005115,0.10852713178294573
O=CC=O,0.030690537084398988,0.017265680056377738
N#CCCl,0.07416879795396418,0.058844256518675114
O=C(O)C(Cl)Cl,0.170076726342711,0.11733615221987315
ClCC(Cl)(Cl)Cl,0.27301790281329924,0.2022551092318534
CC(Cl)(Cl)Cl,0.20843989769820975,0.15821000704721636
CC(F)(F)F,0.030690537084398988,0.006342494714587743
ClCC(Cl)Cl,0.2071611253196931,0.1536293164200141
CC#N,0.01982097186700769,0.014799154334038066
OCC(F)(F)F,0.045396419437340164,0.018675123326286125
OCC(Cl)(Cl)Cl,0.23081841432225064,0.171599718111346
CC(=O)Cl,0.09239130434782608,0.06342494714587736
CC(F)(Cl)Cl,0.14450127877237856,0.10535588442565187
CC(Cl)Cl,0.14737851662404094,0.10817477096546864
CC(F)F,0.039322250639386186,0.0102184637068358
BrCCBr,0.22154731457800517,0.1737138830162086
ClCCCl,0.145460358056266,0.10852713178294573
FCCF,0.023657289002557536,0.009513742071881607
CC=O,0.02589514066496164,0.01797040169133193
CC(=O)O,0.04411764705882354,0.027131782945736434
C1CO1,0.0,0.012684989429175486
O=S1OCCO1,0.13491048593350385,0.1046511627906977
CC(Br)Br,0.22730179028132996,0.16807610993657504
O=[N+]([O-])OCCO[N+](=O)[O-],0.225383631713555,0.17653276955602534
C1CS1,0.09686700767263426,0.07751937984496124
OCCCl,0.10485933503836316,0.07434813248766738
CC(=N)O,0.060421994884910485,0.04686398872445384
CCBr,0.12084398976982096,0.09055673009161382
CCCl,0.08375959079283889,0.06166314305849189
C1CN1,0.042519181585677766,0.03382663847780128
CCF,0.012148337595907938,0.014799154334038066
NCC(=O)O,0.08887468030690536,0.058844256518675114
CCI,0.1867007672634271,0.14482029598308668
CC[N+](=O)[O-],0.09526854219948849,0.07470049330514446
CCON=O,0.10294117647058824,0.07787174066243834
CC[Si](Cl)(Cl)Cl,0.31202046035805625,0.25123326286116987
CC,0.022058823529411763,0.020084566596194512
CCS,0.12244245524296676,0.09830866807610993
CCO,0.042838874680306914,0.033121916842847085
OCCO,0.06234015345268544,0.04474982381959127
CCOS(=O)(=O)O,0.1819053708439898,0.131430584918957
NCCO,0.08535805626598467,0.06553911205073996
CCOP(=O)(O)O,0.165920716112532,0.13742071881606766
NCCN,0.11125319693094629,0.08632840028188865
ClC(Cl)=C(Cl)C(Cl)(Cl)Cl,0.44948849104859334,0.3569415081042988
FC(F)(F)C(F)(F)C(F)(F)F,0.08823529411764706,0.04827343199436222
OC(C(F)(F)F)C(F)(F)F,0.10933503836317136,0.06412966878083158
N#CCC#N,0.06425831202046037,0.06906272022551091
C=CC#N,0.07736572890025577,0.07188160676532769
C#CCCl,0.11956521739130434,0.08632840028188865
c1cnoc1,0.08791560102301792,0.07117688513037351
COC(=O)C(Cl)(Cl)Cl,0.2906010230179028,0.22198731501057084
COC(=O)C(F)(F)F,0.10901534526854222,0.07223396758280477
FCC(F)(F)C(F)F,0.08375959079283889,0.05250176180408739
O=C1OCCO1,0.09015345268542199,0.07364341085271317
c1c[nH]cn1,0.10901534526854222,0.0909090909090909
C#CC,0.05978260869565219,0.0398167723749119
c1cn[nH]c1,0.11029411764705883,0.0923185341789993
OCC(F)(F)C(F)F,0.1054987212276215,0.06906272022551091
FC(F)(F)CCCl,0.14226342710997444,0.10394644115574347
C#CCO,0.07352941176470588,0.054615926708949956
ClCC(Cl)CCl,0.26406649616368283,0.2093023255813953
C=C(C)Br,0.17039641943734016,0.14270613107822408
C=CCBr,0.18158567774936066,0.14763918252290345
C=CCCl,0.1381074168797954,0.11557434813248767
N#CCCO,0.100383631713555,0.08456659619450317
CCC#N,0.07928388746803068,0.0715292459478506
C/C=C\Cl,0.13267263427109974,0.1134601832276251
ClC[C@@H]1CO1,0.1409846547314578,0.11451726568005637
C#CCN,0.11221227621483376,0.07505285412262155
COC(=O)CCl,0.16240409207161124,0.12473572938689216
CC=CBr,0.16975703324808186,0.1444679351656096
C/C=C/I,0.2426470588235294,0.2001409443269908
CC(Br)CBr,0.28228900255754474,0.2339675828047921
CC(Cl)CCl,0.20524296675191814,0.16807610993657504
ClCCCCl,0.20236572890025575,0.16560958421423536
C1COCO1,0.09622762148337596,0.07716701902748416
CC(C)=O,0.08343989769820971,0.07188160676532769
CCOC=O,0.10390025575447571,0.08421423537702609
COC(C)=O,0.10166240409207161,0.0817477096546864
C[C@@H]1CO1,0.07896419437340153,0.06941508104298803
C1COC1,0.07416879795396418,0.06694855532064835
CCC=O,0.08407928388746803,0.07188160676532769
CCC(=O)O,0.10134271099744246,0.0817477096546864
C=CC,0.07512787723785166,0.06694855532064835
C1CSCS1,0.2436061381074169,0.2138830162085976
CC(C)(Cl)Cl,0.2014066496163683,0.1705426356589147
C=CCO,0.09494884910485933,0.08139534883720931
C1CSC1,0.1547314578005115,0.13530655391120505
C1CC1,0.056905370843989764,0.056377730796335464
CC(=O)CO,0.10453964194373401,0.08245243128964058
COC(=O)CO,0.12436061381074169,0.09513742071881606
OC(CCl)CCl,0.22186700767263431,0.17829457364341086
OCC(Cl)CCl,0.225383631713555,0.17688513037350242
CC1CO1,0.07800511508951406,0.06941508104298803
CCCBr,0.18126598465473145,0.1501057082452431
CCCCl,0.1438618925831202,0.12015503875968991
CCCI,0.24520460358056265,0.20648343904157854
CC(C)Br,0.18797953964194375,0.15186751233262863
CC(C)Cl,0.145460358056266,0.1219168428470754
CC(C)I,0.2506393861892583,0.2093023255813953
CC(C)[N+](=O)[O-],0.15249360613810745,0.12896405919661733
CC(N)C(=O)O,0.1438618925831202,0.11416490486257928
C=CCN,0.12116368286445015,0.10359408033826639
NC1CC1,0.10453964194373401,0.091261451726568
CC(C)O[N+](=O)[O-],0.18638107416879796,0.1511627906976744
CN=C(C)O,0.1301150895140665,0.10288935870331219
N[C@@H](CO)C(=O)O,0.16911764705882354,0.12649753347427764
CCC[N+](=O)[O-],0.15377237851662406,0.13107822410147993
OCC(O)CCl,0.180306905370844,0.14482029598308668
CC(O)CCl,0.1627237851662404,0.13107822410147993
OCC(O)CO,0.13938618925831206,0.10923185341789994
OCCCO,0.12052429667519181,0.09971811134601831
CCCO,0.10102301790281332,0.08879492600422834
COCCO,0.12276214833759591,0.10288935870331219
CCCS,0.18062659846547316,0.15574348132487667
CC(O)CO,0.12116368286445015,0.09936575052854123
CCSC,0.18158567774936066,0.15785764622973925
C[C@@H](O)CN,0.14450127877237856,0.12085976039464412
CCNC,0.12691815856777494,0.11099365750528542
CCCN,0.12500000000000003,0.10958421423537702
CC(C)N,0.1272378516624041,0.11064129668780832
NCCCO,0.145460358056266,0.1219168428470754
NCCCN,0.16815856777493604,0.142353770260747
ClC(Cl)=C(Cl)C(Cl)=C(Cl)Cl,0.5108695652173914,0.4228329809725158
FC1(F)C(F)(F)C(F)(F)C1(F)F,0.11125319693094629,0.08210007047216349
C=C1CC(=O)O1,0.145460358056266,0.11980267794221283
c1ccoc1,0.11285166240409206,0.0930232558139535
c1cncnc1,0.15377237851662406,0.13671599718111344
c1ccsc1,0.1882992327365729,0.15997181113460182
C=C(C)C#N,0.13778772378516624,0.12825933756166316
CCOC(=O)C(Cl)(Cl)Cl,0.35294117647058826,0.27801268498942916
C=CCC#N,0.13043478260869565,0.1229739252995067
C=CC=C,0.1381074168797954,0.13918252290345312
Cn1ccnc1,0.17455242966751922,0.15081042988019733
C1=COCC1,0.12404092071611254,0.1102889358703312
C1=CCOC1,0.12531969309462918,0.11381254404510219
C=C(C)C=O,0.14354219948849106,0.1226215644820296
CC(=O)OC(C)=O,0.1627237851662404,0.13601127554615927
C=C(C)C(=O)O,0.15760869565217395,0.1356589147286822
C=CC(=O)OC,0.15824808184143224,0.13530655391120505
C/C=C/C=O,0.15217391304347824,0.13495419309372797
C/C=C\C(=O)O,0.1636828644501279,0.13636363636363635
C=COC(C)=O,0.16048593350383636,0.13883016208597604
CC(=O)C(C)=O,0.14450127877237856,0.12332628611698378
O=C1CCCO1,0.13267263427109974,0.11627906976744184
CC#CC,0.11572890025575448,0.1032417195207893
C=CC(Cl)CCl,0.2589514066496164,0.2212825933756166
ClC/C=C/CCl,0.2647058823529412,0.22762508809020437
[C-]#[N+]C(C)C,0.14961636828644506,0.1356589147286822
CC(C)C#N,0.13842710997442456,0.12790697674418602
NC(CC(=O)O)C(=O)O,0.2567135549872123,0.17829457364341086
CCCC#N,0.13842710997442456,0.12896405919661733
O=C(O)CCCCl,0.2209079283887468,0.1821705426356589
COCCC#N,0.16016624040920716,0.1416490486257928
OC1=NCCC1,0.15824808184143224,0.13883016208597604
CN1CCOC1=O,0.17615089514066495,0.1501057082452431
CCOC(=O)CCl,0.22346547314578005,0.18287526427061307
CC/C=C/Cl,0.19373401534526855,0.17477096546863988
CC/C=C\Cl,0.19373401534526855,0.17089499647639184
CCC1CO1,0.13778772378516624,0.12544045102184637
ClCCCCCl,0.26214833759590794,0.22445384073291053
C1COCCO1,0.1540920716112532,0.1317829457364341
C=CCC,0.14641943734015345,0.12755461592670894
CCC(C)=O,0.14162404092071615,0.12614517265680056
CC(C)C(=O)O,0.16016624040920716,0.13706835799859057
N=C(O)C[C@H](N)C(=O)O,0.25703324808184147,0.1952078928823115
CCCC=O,0.1425831202046036,0.12649753347427764
CCCC(=O)O,0.1608056265984655,0.13812544045102182
CCOC(C)=O,0.1620843989769821,0.13988724453840734
C=COCC,0.155690537084399,0.14622973925299507
CC(C)C=O,0.14290281329923274,0.12755461592670894
CCCOC=O,0.16336317135549874,0.14094432699083861
O=S1(=O)CCCC1,0.22122762148337594,0.2001409443269908
C1CCOC1,0.1336317135549872,0.12121212121212122
OC/C=C\CO,0.17135549872122766,0.1546863988724454
CCC(=O)OC,0.159846547314578,0.13742071881606766
C1CCSC1,0.2129156010230179,0.1906272022551092
O=S1CCCC1,0.22346547314578005,0.20155038759689922
COC1OCCO1,0.17838874680306904,0.1444679351656096
CC1(C)CO1,0.13554987212276215,0.12544045102184637
O=CCCCO,0.1505754475703325,0.14270613107822408
COC(=O)C(C)O,0.18222506393861895,0.14869626497533475
CC1OCCO1,0.1550511508951407,0.13601127554615927
CCCCBr,0.2378516624040921,0.20824524312896406
CC(C)CCl,0.2014066496163683,0.17618040873854826
CCCCCl,0.20236572890025575,0.17794221282593375
CC(C)CI,0.30434782608695654,0.2635658914728682
CCCCI,0.30402813299232734,0.2656800563777308
CC(C)(C)Br,0.24520460358056265,0.2121212121212121
CC(C)(C)Cl,0.20620204603580566,0.18076109936575055
CC[C@@H](C)Cl,0.20236572890025575,0.17758985200845667
CCC(C)I,0.3088235294117647,0.2688513037350247
C1COCCN1,0.1780690537084399,0.15644820295983086
C1CCNC1,0.155690537084399,0.1430584918957012
C[C@@H](O)[C@H](N)C(=O)O,0.2282608695652174,0.17970401691331922
CCN=C(C)O,0.19021739130434787,0.1613812544045102
CC(C)CBr,0.2378516624040921,0.20648343904157854
CCCC(=N)O,0.18734015345268545,0.15821000704721636
CC(C)(C)[N+](=O)[O-],0.20843989769820975,0.18287526427061307
CC(=O)N(C)C,0.1870204603580563,0.15997181113460182
CC(C)(C)I,0.3174552429667519,0.2730796335447498
CCCC[N+](=O)[O-],0.21195652173913046,0.18780831571529244
COCCOC,0.18574168797953966,0.1603241719520789
OCCCCO,0.17838874680306904,0.15750528541226216
CC(C)CO,0.1608056265984655,0.1434108527131783
CC(C)(C)S,0.24328644501278776,0.21670190274841436
CCCC,0.1387468030690537,0.1331923890063425
OCCOCCO,0.20108695652173916,0.17230443974630022
CCSCC,0.2413682864450128,0.21952078928823116
CC(C)C,0.13938618925831206,0.1331923890063425
COC(C)C,0.1678388746803069,0.14517265680056377
CCOCCO,0.1819053708439898,0.15997181113460182
CCCOC,0.16176470588235295,0.14658210007047215
OCCSCCO,0.27877237851662406,0.2452431289640592
SCCCCS,0.35581841432225064,0.2966878083157153
CCOP(=O)(Cl)OCC,0.33535805626598464,0.2864693446088795
CCOS(=O)(=O)OCC,0.29475703324808183,0.24559548978153628
CC[C@H](C)S,0.239769820971867,0.21317829457364343
CCSSCC,0.34398976982097185,0.31782945736434104
CCOS(=O)OCC,0.2842071611253197,0.25369978858350956
CC(O)C(C)O,0.17647058823529416,0.15609584214235378
C[C@H](O)[C@@H](C)O,0.1790281329923274,0.15750528541226216
CCC(O)CO,0.1780690537084399,0.15644820295983086
CCOCC,0.1643222506393862,0.14869626497533475
CC(C)(C)O,0.16112531969309465,0.14482029598308668
CC(C)(C)OO,0.18957800511508954,0.16701902748414377
COC(C)OC,0.18158567774936066,0.15644820295983086
CC(C)CS,0.2391304347826087,0.211768851303735
CSC(C)C,0.24168797953964194,0.21740662438336855
CC(CO)CO,0.17998721227621486,0.15609584214235378
CCCCOS(=O)(=O)O,0.2813299232736573,0.24665257223396755
CCNCC,0.18638107416879796,0.16948555320648345
CC(C)CN,0.18350383631713554,0.16420014094432697
CC[C@H](C)N,0.18478260869565222,0.16560958421423536
CC(C)(C)N,0.1882992327365729,0.16631430584918958
CCC(N)CO,0.20172634271099746,0.17723749119097953
CCOP(=O)(O)OCC,0.29539641943734013,0.2501761804087385
CN(C)CCO,0.20843989769820975,0.17758985200845667
NCCNCCN,0.2688618925831202,0.23502466525722338
Fc1nc(F)c(F)c(F)c1F,0.20460358056265984,0.15539112050739956
ClC1=C(Cl)C(Cl)(Cl)C(Cl)=C1Cl,0.5364450127877237,0.45384073291050037
FC(F)(F)C(F)(F)C(F)(F)C(F)(F)C(F)(F)F,0.23241687979539646,0.14728682170542637
Fc1cccc(F)n1,0.18062659846547316,0.15785764622973925
O=Cc1ccco1,0.20172634271099746,0.16701902748414377
Fc1ccccn1,0.21835038363171355,0.16102889358703312
Brc1ccccn1,0.2877237851662404,0.25088090204369273
Brc1cccnc1,0.2870843989769821,0.24806201550387597
Clc1ccccn1,0.25,0.21881606765327696
c1ccncc1,0.18446291560102304,0.1649048625792812
C1=CCC=C1,0.1563299232736573,0.1434108527131783
C#CC(=C)C,0.17934782608695654,0.1603241719520789
Cc1ccco1,0.1758312020460358,0.1546863988724454
Cc1cccs1,0.2506393861892583,0.22233967582804792
Cc1ccsc1,0.24968030690537085,0.22198731501057084
OCc1ccco1,0.19373401534526855,0.16737138830162085
SCc1ccco1,0.2758951406649616,0.24031007751937983
C#CC(=O)OCC,0.2014066496163683,0.16983791402396053
Cn1cccc1,0.20684143222506396,0.17829457364341086
C#CCCC,0.17135549872122766,0.15750528541226216
C=CC(=C)C,0.2014066496163683,0.19097956307258632
O=C1CCCC1,0.17359335038363174,0.16102889358703312
C1=CCCC1,0.1636828644501279,0.15750528541226216
C=CC(=O)OCC,0.2173913043478261,0.1927413671599718
C=C(C)C(=O)OC,0.2157928388746803,0.1913319238900634
C=C/C=C/C,0.2093989769820972,0.20648343904157854
C=C/C=C\C,0.20620204603580566,0.2033121916842847
Cc1ccnn1C,0.22186700767263431,0.211768851303735
C=CCC=C,0.1889386189258312,0.17688513037350242
N#CN1CCCC1,0.23369565217391305,0.2033121916842847
CC(=O)CC(C)=O,0.23017902813299235,0.17758985200845667
CC(=O)C1CC1,0.1831841432225064,0.16596194503171247
C=C=C(C)C,0.1978900255754476,0.193446088794926
CC=C=CC,0.1991687979539642,0.19696969696969693
C=C=CCC,0.19533248081841437,0.1927413671599718
CC#CCC,0.17647058823529416,0.1634954193093728
C#CC(C)C,0.17455242966751922,0.15750528541226216
C=CCOC(C)=O,0.2116368286445013,0.19238900634249473
O=CCCCC=O,0.20620204603580566,0.18428470754052148
C=CC(=O)OCCO,0.26854219948849106,0.20718816067653278
COC(=O)CC(C)=O,0.22442455242966755,0.18957011980267796
C=C(C)C(C)=O,0.19884910485933505,0.1793516560958421
C=COC(=O)CC,0.22058823529411764,0.19450317124735725
CC(C)(C)C#N,0.19725063938618925,0.18357998590556732
NC(CCC(=O)O)C(=O)O,0.30754475703324813,0.2325581395348837
CCCCC#N,0.19725063938618925,0.18639887244538408
O=C(O)[C@@H]1CCCN1,0.22730179028132996,0.20366455250176177
CC(=O)N(C)C(C)=O,0.2471227621483376,0.21071176885130374
CN1CCCC1=O,0.21994884910485935,0.19661733615221985
[C-]#[N+]C(C)(C)C,0.20588235294117652,0.19168428470754048
O=CN1CCOCC1,0.24392583120204606,0.20824524312896406
CCC/C=C/F,0.2186700767263427,0.17899929527836503
CCC/C=C\F,0.2186700767263427,0.17829457364341086
C=CCCC,0.1940537084398977,0.17970401691331922
CC(C)(C)C=O,0.1991687979539642,0.182522903453136
CCCC(C)=O,0.1998081841432225,0.18287526427061307
CC(C)CC(=O)O,0.2196291560102302,0.1930937279774489
CCC(=O)CC,0.19884910485933505,0.18111346018322763
CCCCOC=O,0.2231457800511509,0.19802677942212826
CCOC(=O)[C@H](C)O,0.24168797953964194,0.20824524312896406
CCOC(=O)CC,0.2196291560102302,0.1959126145172657
N=C(O)CC[C@H](N)C(=O)O,0.31138107416879796,0.2522903453136011
CC(C)COC=O,0.2247442455242967,0.2004933051444679
CC(C)(C)OC=O,0.22218670076726346,0.193446088794926
CCCCC(=O)O,0.21994884910485935,0.19485553206483436
CCCOC(C)=O,0.22122762148337594,0.19696969696969693
OC[C@@H]1CCCO1,0.2106777493606138,0.18851303735024663
C1CCOCC1,0.1940537084398977,0.17794221282593375
CCCC(=O)OC,0.2186700767263427,0.19450317124735725
C/C=C\CC,0.19565217391304351,0.18710359408033828
C/C=C/CC,0.19661125319693096,0.18992248062015504
OC1CCCC1,0.1898976982097187,0.17758985200845667
CC(=O)C(C)C,0.19757033248081846,0.18111346018322763
CCN(C#N)CC,0.25351662404092073,0.2205778717406624
CN1CCN(C)C1=O,0.26726342710997447,0.23114869626497533
C1CCSCC1,0.27014066496163686,0.24947145877378432
CCOC(=O)OCC,0.23881074168797956,0.21106412966878083
C[C@@H]1C[C@@H]1C,0.1780690537084399,0.16948555320648345
CC1CC1C,0.180306905370844,0.171599718111346
CCC1CC1,0.17934782608695654,0.16948555320648345
CC1CCC1,0.1790281329923274,0.16878083157152923
C=C(C)CC,0.19437340153452684,0.182522903453136
CC=C(C)C,0.1969309462915601,0.18745595489781536
CC(=O)OC(C)C,0.2202685421994885,0.19626497533474277
COC(=O)C(C)C,0.22154731457800517,0.1930937279774489
CC1CCS(=O)(=O)C1,0.2829283887468031,0.25792811839323465
CCC(C)C=O,0.20172634271099746,0.1839323467230444
CC(C)CC=O,0.20332480818414325,0.1846370683579986
CC1CCCS1,0.2739769820971867,0.25088090204369273
CCCCC=O,0.20172634271099746,0.18710359408033828
CCCCCBr,0.296994884910486,0.2667371388301621
CC(C)CCCl,0.2631074168797954,0.22973925299506692
CCCCCCl,0.2589514066496164,0.23572938689217754
CN1CCCC1,0.2247442455242967,0.20190274841437633
C1CCNCC1,0.2189897698209719,0.2004933051444679
CC(C)[C@H](N)C(=O)O,0.2653452685421995,0.22445384073291053
CCC(C)CF,0.19565217391304351,0.18040873854827344
CC(C)CCBr,0.29923273657289007,0.2646229739252995
CC[C@@H](C)CBr,0.296994884910486,0.26250880902043694
CC(C)(C)CBr,0.2976342710997443,0.2618040873854827
CC(C)C(C)Br,0.296994884910486,0.26532769556025365
CCCC(C)Br,0.2985933503836317,0.26250880902043694
CCC(C)(C)F,0.1950127877237852,0.17970401691331922
CCCCCF,0.1978900255754476,0.18287526427061307
CCN(C=O)CC,0.2487212276214834,0.21775898520084563
CCC(=O)N(C)C,0.24552429667519185,0.2159971811134602
CC(C)(C)N=CO,0.24552429667519185,0.21916842847075405
OCCCCCO,0.2368925831202046,0.2114164904862579
CCCCCO,0.21835038363171355,0.2004933051444679
CCC(C)CO,0.21835038363171355,0.19943622269203662
CCC(C)(C)O,0.2173913043478261,0.19873150105708245
CCC(O)CC,0.2157928388746803,0.2004933051444679
COCCOCCO,0.26118925831202044,0.23114869626497533
CCC(C)C,0.1991687979539642,0.18639887244538408
CCCCC,0.19948849104859334,0.18992248062015504
CCCOCC,0.2247442455242967,0.20577871740662437
CC(C)(C)C,0.20524296675191814,0.18851303735024663
CCCCOC,0.22186700767263431,0.2040169133192389
COC(C)(OC)OC,0.25991048593350385,0.21987315010570824
COC(C)(C)C,0.21930946291560105,0.19908386187455954
CC(C)CCS,0.2985933503836317,0.26955602536997886
CC(C)CCO,0.2186700767263427,0.2001409443269908
CCOCOCC,0.2436061381074169,0.2138830162085976
COCC(C)OC,0.2413682864450128,0.21458773784355178
CCCOCCO,0.2413682864450128,0.21740662438336855
COCC(C)C,0.24040920716112535,0.2022551092318534
CCCCSC,0.2989130434782609,0.27589852008456656
CCC(C)OC,0.22186700767263431,0.2001409443269908
CC(C)C(C)O,0.2173913043478261,0.19873150105708245
CCCC(C)S,0.29827365728900257,0.2709654686398872
CCCNCC,0.24392583120204606,0.2212825933756166
CCOP(C)(=O)OCC,0.338235294117647,0.29704016913319237
CCN(C)CC,0.24904092071611256,0.22410147991543336
CN(CCO)CCO,0.2858056265984655,0.24700493305144464
CCCCCN,0.2429667519181586,0.2233967582804792
NCCCCCN,0.2790920716112532,0.25651867512332627
Fc1c(F)c(F)c(F)c(F)c1F,0.21611253196930943,0.17829457364341086
FC(F)(F)C(F)(F)C(F)(F)C(F)(F)C(F)(F)C(F)(F)F,0.2870843989769821,0.19661733615221985
Fc1cc(F)c(F)c(F)c1F,0.1870204603580563,0.17899929527836503
Fc1ccc(F)c(F)c1F,0.1889386189258312,0.18040873854827344
Fc1cc(F)c(F)c(F)c1,0.21259590792838876,0.17970401691331922
Fc1cc(F)c(F)cc1F,0.2078005115089514,0.1800563777307963
Clc1ccc(Cl)c(Cl)c1,0.39929667519181583,0.35377026074700496
Fc1cc(F)cc(F)c1,0.190537084398977,0.18111346018322763
Brc1ccccc1Br,0.40441176470588236,0.3544749823819591
Clc1ccccc1Cl,0.33471867007672634,0.2945736434108527
Fc1ccccc1F,0.19245524296675195,0.18428470754052148
Clc1cccc(Cl)c1,0.33695652173913043,0.29880197322057783
Fc1cccc(F)c1,0.2093989769820972,0.18357998590556732
Brc1cccc(Br)c1,0.41016624040920713,0.36257928118393234
N#Cc1ccccn1,0.25319693094629153,0.23854827343199433
Clc1ccc(Cl)cc1,0.33312020460358055,0.3002114164904862
Fc1ccc(F)cc1,0.19245524296675195,0.1839323467230444
ClP1Oc2ccccc2O1,0.37531969309462915,0.3502466525722339
Oc1cccc(Cl)c1,0.3139386189258312,0.2610993657505285
Brc1ccccc1,0.3104219948849105,0.2741367159971811
Clc1ccccc1,0.2762148337595908,0.2434813248766737
Fc1ccccc1,0.20812020460358055,0.18675123326286117
Ic1ccccc1,0.37595907928388744,0.33298097251585623
Nc1c(Cl)cccc1Cl,0.3900255754475703,0.339323467230444
Sc1ccc(Cl)cc1,0.36796675191815853,0.34002818886539815
ClP(Cl)c1ccccc1,0.45364450127877237,0.4143763213530655
Cl[Si](Cl)(Cl)c1ccccc1,0.5022378516624041,0.4411557434813248
Nc1ccccc1Cl,0.3292838874680307,0.284707540521494
c1ccccc1,0.2116368286445013,0.1906272022551092
Sc1ccccc1,0.31649616368286443,0.2797744890768146
Oc1ccccc1,0.23081841432225064,0.20754052149400987
C#CCCC#C,0.20556265984654737,0.18428470754052148
Cc1ccccn1,0.24744245524296676,0.22797744890768146
Cc1ccncc1,0.2464833759590793,0.2251585623678647
Nc1ccccc1,0.2675831202046036,0.23291050035236077
Cc1cccnc1,0.2464833759590793,0.22692036645525013
COC(=O)/C=C\C(=O)OC,0.2985933503836317,0.2572233967582805
C1=CCC=CC1,0.2138746803069054,0.20155038759689922
C1=CCCC=C1,0.2209079283887468,0.20542635658914726
CC1=CC=CC1,0.22282608695652176,0.2047216349541931
C=CCOC(=O)C=C,0.27078005115089515,0.24911909795630724
Cc1ccc(C)s1,0.3132992327365729,0.2850599013389711
Cc1ccsc1C,0.3117007672634271,0.28153629316420015
Cc1cscc1C,0.30914322250639387,0.2808315715292459
CCc1cccs1,0.31138107416879796,0.28188865398167723
C#CCCCC,0.23017902813299235,0.21529245947850595
C#CC(C)(C)C,0.23529411764705885,0.21494009866102887
O=C1CCCCC1,0.23369565217391305,0.21705426356589147
C1=CCCCC1,0.22186700767263431,0.2135306553911205
CCOC(=O)C(=O)OCC,0.3046675191815857,0.266384778012685
CC(=O)C=C(C)C,0.2650255754475703,0.24665257223396755
CCOC(=O)CC(C)=O,0.286764705882353,0.24876673713883016
N#CN1CCCCC1,0.2893222506393862,0.25898520084566595
CC(=O)OCCOC(C)=O,0.30115089514066495,0.2529950669485553
C=CCCC=C,0.24680306905370844,0.23713883016208598
C=CC=C(C)C,0.26950127877237856,0.2681465821000704
C=C(C)/C=C/C,0.2631074168797954,0.25757575757575757
CC1=CCCC1,0.22570332480818414,0.21846370683579988
CC1C=CCC1,0.22506393861892585,0.2159971811134602
CC1CC=CC1,0.2231457800511509,0.21317829457364343
C=C=CCCC,0.2528772378516624,0.24770965468639883
C=C/C=C\CC,0.26726342710997447,0.26532769556025365
C=C/C=C/CC,0.26726342710997447,0.2692036645525018
C=CC/C=C\C,0.25191815856777494,0.23678646934460887
C=CC/C=C/C,0.2515984654731458,0.23713883016208598
CC=C=CCC,0.2464833759590793,0.25933756166314303
C/C=C/C=C/C,0.27365728900255754,0.2751937984496124
C/C=C\C=C\C,0.27301790281329924,0.266384778012685
C/C=C\C=C/C,0.2682225063938619,0.2688513037350247
C=C=C(C)CC,0.2515984654731458,0.25088090204369273
C=C=CC(C)C,0.2547953964194373,0.25193798449612403
C=C/C(C)=C\C,0.26150895140664965,0.24207188160676535
C=C(C)/C=C\C,0.2656649616368287,0.25616631430584913
C=C/C(C)=C/C,0.26150895140664965,0.24207188160676535
C=CCC(=C)C,0.2471227621483376,0.23431994362226918
C=CC(C)C=C,0.2464833759590793,0.23361522198731502
CC=C=C(C)C,0.2538363171355499,0.2596899224806202
C=CC(=C)CC,0.2659846547314578,0.23678646934460887
C=C(C)C(=C)C,0.2557544757033248,0.23431994362226918
CC#CCCC,0.2346547314578005,0.2230443974630021
CCC#CCC,0.23753196930946296,0.2248062015503876
C#CC(C)CC,0.23145780051150894,0.21423537702607467
C#CCC(C)C,0.23209718670076726,0.2135306553911205
CC#CC(C)C,0.23657289002557544,0.22233967582804792
C=CC(=O)OC(C)C,0.28037084398976986,0.25193798449612403
COC1CC=CCO1,0.26214833759590794,0.23890063424947142
CC/C=C(\C)C=O,0.27078005115089515,0.2505285412262156
CC(C)CCC#N,0.2557544757033248,0.24171952078928818
ClC1CCCCC1,0.2957161125319693,0.2706131078224101
CCOC(=O)C(Cl)CC,0.33184143222506396,0.29809725158562367
CCCCCC#N,0.2557544757033248,0.2438336856941508
O=[N+]([O-])C1CCCCC1,0.3030690537084399,0.2709654686398872
C=CCNCC=C,0.29475703324808183,0.2670894996476392
CCCCC(C)=O,0.25927109974424556,0.23995771670190275
C=COCCCC,0.27653452685422,0.25088090204369273
C1CCCCC1,0.23081841432225064,0.22163495419309373
CC(=O)CC(C)(C)O,0.27941176470588236,0.24947145877378432
CCCC(=O)OCC,0.2784526854219949,0.25334742776603236
CCCCCC(=O)O,0.28005115089514065,0.2522903453136011
CC(=O)OCC(C)C,0.27941176470588236,0.2522903453136011
CC(=O)OC(C)(C)C,0.27877237851662406,0.24947145877378432
CC1OC(C)OC(C)O1,0.2957161125319693,0.2596899224806202
CCCCCOC=O,0.2819693094629156,0.25546159267089497
CC[C@H](C)OC(C)=O,0.2797314578005115,0.25088090204369273
OC1CCCCC1,0.2493606138107417,0.2339675828047921
C=CCCCC,0.2528772378516624,0.24207188160676535
CC1CCCOC1,0.25351662404092073,0.23431994362226918
CN1CCCN(C)C1=O,0.32033248081841437,0.28576462297392524
CC(=O)C(C)(C)C,0.2579923273657289,0.23537702607470046
CCCCC(=O)OC,0.2797314578005115,0.25193798449612403
CC1CCC(C)O1,0.2436061381074169,0.23713883016208598
CC(=O)CC(C)C,0.25991048593350385,0.23749119097956306
SC1CCCCC1,0.32960358056265987,0.306553911205074
CCOCCOC(C)=O,0.3008312020460358,0.26990838618745594
C/C=C/CCC,0.2554347826086957,0.24876673713883016
CCC1(C)CC1,0.2384910485933504,0.22445384073291053
CC[C@H]1C[C@H]1C,0.23721227621483376,0.2251585623678647
CC[C@@H]1C[C@H]1C,0.23945012787723785,0.22692036645525013
CC1CC1(C)C,0.24008951406649615,0.22692036645525013
CCCC1CC1,0.23753196930946296,0.2251585623678647
CC(C)C1CC1,0.23817135549872126,0.2248062015503876
C[C@@H]1CC[C@@H]1C,0.23369565217391305,0.22445384073291053
C[C@@H]1CC[C@H]1C,0.2378516624040921,0.2272727272727273
C[C@H]1C[C@@H](C)C1,0.2378516624040921,0.22832980972515857
C[C@H]1C[C@H](C)C1,0.23945012787723785,0.22656800563777305
CCC1CCC1,0.2362531969309463,0.22445384073291053
C/C=C\CCC,0.2538363171355499,0.24171952078928818
CC/C=C\CC,0.2551150895140665,0.2427766032417195
CC/C=C/CC,0.2563938618925832,0.24453840732910495
C=C(C)CCC,0.2528772378516624,0.23749119097956306
C/C=C\C(C)C,0.2551150895140665,0.24453840732910495
C/C=C/C(C)C,0.2563938618925832,0.24806201550387597
CCC=C(C)C,0.2563938618925832,0.24735729386892175
C/C=C(/C)CC,0.26790281329923277,0.24242424242424243
C/C=C(\C)CC,0.25351662404092073,0.24453840732910495
C=C(C)C(C)C,0.2522378516624041,0.2360817477096547
CC(C)=C(C)C,0.25415601023017903,0.24630021141649047
C=C(CC)CC,0.2515984654731458,0.23784355179704014
CCCCCC=O,0.26054987212276215,0.24453840732910495
CCC(C)C(C)=O,0.25831202046035806,0.2364341085271318
CCCOC(=O)CC,0.27877237851662406,0.2522903453136011
NC1CCCCC1,0.2755754475703325,0.25546159267089497
CC[C@H](C)[C@H](N)C(=O)O,0.33024296675191817,0.2787174066243833
CC(C)C[C@@H](N)C(=O)[O-],0.32672634271099743,0.28047921071176884
CCN(CC)C(C)=O,0.29347826086956524,0.2713178294573644
CCCCCCBr,0.35581841432225064,0.324876673713883
CCCC(F)CC,0.25607416879795397,0.23890063424947142
CCCCCCF,0.2567135549872123,0.23995771670190275
CN1CCCCC1,0.2826086956521739,0.25898520084566595
CCCCN=C(C)O,0.30754475703324813,0.2741367159971811
CCOP(=O)(OCC)C(C)=O,0.40409207161125327,0.3530655391120507
C=CP(=O)(OCC)OCC,0.3813938618925832,0.34989429175475684
CCN1CCOCC1,0.30147058823529416,0.2681465821000704
C1CCCNCC1,0.274616368286445,0.25088090204369273
CCCCCCI,0.421994884910486,0.3837209302325581
C[C@H](O)CC(C)(C)O,0.29635549872122763,0.2706131078224101
CCC(C)CCO,0.27653452685422,0.25546159267089497
[NH-][C+](N)NCCC[C@H](N)[C+]([O-])O,0.42679028132992325,0.3710359408033826
CCCCOCC,0.2813299232736573,0.2632135306553911
CCOCCOCCO,0.3212915601023018,0.29034531360112753
COCCOCCOC,0.32384910485933505,0.28999295278365045
CC(C)OC(C)C,0.28101023017902815,0.25933756166314303
CCCCOCCO,0.2995524296675192,0.27448907681465823
CCCCCC,0.25767263427109977,0.24735729386892175
NCCCC[C@H](N)C(=O)O,0.358695652173913,0.31747709654686396
CCCOCCC,0.2813299232736573,0.262861169837914
CCCCCCO,0.2774936061381075,0.25933756166314303
CCOC(C)(C)C,0.2797314578005115,0.25757575757575757
CCC(C)(C)OC,0.2762148337595908,0.2522903453136011
CC(C)SC(C)C,0.36540920716112535,0.3386187455954897
OCCOCCOCCO,0.3395140664961637,0.303030303030303
SCCCCCCS,0.45620204603580566,0.4133192389006342
CCCCCCS,0.3577365728900256,0.32980972515856233
CCCCC(C)S,0.35741687979539644,0.32945736434108525
CCC(C)CC,0.2567135549872123,0.2431289640591966
CCC(C)(C)C,0.2586317135549872,0.24207188160676535
CC(C)C(C)C,0.25767263427109977,0.24101479915433402
CCOC(C)OCC,0.28964194373401536,0.27343199436222687
CCC(CC)CO,0.2739769820971867,0.2547568710359408
CCCCC(C)O,0.2774936061381075,0.2572233967582805
CCCC(O)CC,0.2768542199488491,0.25757575757575757
CCCCCOC,0.280690537084399,0.2610993657505285
CCCCCSC,0.35741687979539644,0.3343904157857646
CCC(O)C(C)CO,0.2928388746803069,0.266384778012685
CCCC(C)CO,0.27653452685422,0.25616631430584913
CC(C)CC(C)O,0.2774936061381075,0.2544045102184637
CCC(C)(O)CC,0.2739769820971867,0.2526427061310782
CCCSSCCC,0.46099744245524293,0.44009866102889356
CCCSCCC,0.3590153452685422,0.33967582804792107
CCCOCC(C)O,0.3024296675191816,0.27343199436222687
CC(C)NC(C)C,0.3078644501278773,0.277307963354475
CCCNCCC,0.3024296675191816,0.28400281888653983
OCCN(CCO)CCO,0.36093350383631717,0.3171247357293869
CCN(CC)CC,0.3062659846547314,0.2822410147991543
CCOP(=O)(OCC)OCC,0.40824808184143224,0.3629316420014094
CCOP(=O)(CC)OCC,0.39450127877237856,0.35412262156448204
CCN(CC)CCO,0.3219309462915601,0.2928118393234672
CCCCN(C)C,0.3088235294117647,0.2808315715292459
CCCCCCN,0.30274936061381075,0.28047921071176884
CN(C)CCN(C)C,0.3602941176470589,0.3143058491895701
FC(F)(F)C1(F)C(F)(F)C(F)(F)C(F)(F)C(F)(F)C1(F)F,0.3174552429667519,0.22832980972515857
FC(F)(F)C(F)(F)C(F)(F)C(F)(F)C(F)(F)C(F)(F)C(F)(F)F,0.3423913043478261,0.24665257223396755
Cc1c(F)c(F)c(F)c(F)c1F,0.270460358056266,0.23854827343199433
N#Cc1ccccc1,0.28101023017902815,0.2639182522903453
FC(F)(F)c1ccccc1,0.2688618925831202,0.23713883016208598
O=C(Cl)c1ccccc1,0.3497442455242967,0.31042988019732204
O=C(Br)c1ccccc1,0.38107416879795397,0.34601832276250877
O=C=Nc1ccccc1,0.31138107416879796,0.2882311486962649
Cc1ccc(Cl)cc1Cl,0.39897698209718674,0.3618745595489781
O=Cc1ccccc1,0.2861253196930946,0.25828047921071173
ClC(Cl)c1ccccc1,0.3634910485933504,0.3527131782945736
O=Cc1ccccc1O,0.3212915601023018,0.277307963354475
Cc1cc(Br)ccc1Br,0.47762148337595906,0.4274136715997181
Cc1ccccc1Cl,0.33407928388746805,0.30408738548273434
Cc1ccc(Cl)cc1,0.33695652173913043,0.30796335447498235
COc1ccccc1[N+](=O)[O-],0.38331202046035806,0.3326286116983791
Cc1cccc(Cl)c1,0.3356777493606138,0.306553911205074
Cc1ccc(F)cc1,0.25319693094629153,0.24876673713883016
ClCc1ccccc1,0.3375959079283887,0.303030303030303
Cc1ccc(I)cc1,0.42583120204603586,0.4002818886539816
Cc1ccc(Br)cc1,0.35230179028132996,0.34002818886539815
Cc1cccc([N+](=O)[O-])c1,0.35517902813299235,0.31994362226920364
Cc1ccccc1[N+](=O)[O-],0.35294117647058826,0.31782945736434104
N=C(O)c1ccccc1,0.286764705882353,0.28576462297392524
SCc1ccc(Cl)cc1,0.4430946291560103,0.39711064129668777
Cc1ccccc1O,0.29475703324808183,0.26779422128259334
Cc1cccc(O)c1,0.29635549872122763,0.26955602536997886
Cc1ccc(O)cc1,0.30115089514066495,0.270260747004933
COc1ccccc1,0.2957161125319693,0.2688513037350247
Cc1ccccc1,0.2726982097186701,0.2526427061310782
COc1ccccc1O,0.3139386189258312,0.2832980972515856
OCc1ccccc1,0.29124040920716115,0.26532769556025365
C1=CC=CCC=C1,0.2774936061381075,0.25792811839323465
CSc1ccccc1,0.37915601023017903,0.34848484848484845
SCc1ccccc1,0.328005115089514,0.3389711064129669
COc1ccc(S)cc1,0.4018542199488492,0.3618745595489781
Cc1cccc(S)c1,0.375,0.3456659619450317
C[Si](Cl)(Cl)c1ccccc1,0.5054347826086957,0.47075405214940097
Cc1ccccc1N,0.3270460358056266,0.2928118393234672
Cc1cccc(N)c1,0.3286445012787724,0.2952783650458069
CNc1ccccc1,0.33120204603580566,0.2949260042283298
Cc1ccnc(C)c1,0.3088235294117647,0.2892882311486963
Cc1cccc(C)n1,0.31074168797953966,0.2914023960535588
Cc1ccncc1C,0.30562659846547313,0.2843551797040169
CCc1cccnc1,0.30498721227621484,0.2861169837914024
CN(N)c1ccccc1,0.3526214833759591,0.33016208597603947
O=C(C1CC1)C1CC1,0.27941176470588236,0.2639182522903453
CCCc1cccs1,0.37180306905370847,0.3414376321353065
Cc1cc(C)c(C)s1,0.3727621483375959,0.34813248766737137
C#CCCCCC,0.29028132992327366,0.27343199436222687
CC(=O)C1(C)COCOC1,0.3350383631713555,0.2906976744186046
CCOC(=O)CC(=O)OCC,0.36157289002557547,0.3181818181818181
CCC1=CCCC1,0.2826086956521739,0.2755461592670895
CCC1C=CCC1,0.2829283887468031,0.2723749119097956
CCC1CC=CC1,0.2829283887468031,0.26849894291754756
CC1=C(C)CCC1,0.2858056265984655,0.27836504580690624
CC1=CC(C)CC1,0.2886828644501279,0.27801268498942916
CC1=CCC(C)C1,0.2861253196930946,0.27448907681465823
CC1=CCCC1C,0.2858056265984655,0.27448907681465823
CC1(C)C=CCC1,0.28164961636828645,0.2709654686398872
C[C@@H]1CC=C[C@@H]1C,0.28452685421994883,0.2681465821000704
CC1(C)CC=CC1,0.28164961636828645,0.2670894996476392
CC#CCCCC,0.29347826086956524,0.2808315715292459
CCC#CCCC,0.29635549872122763,0.2836504580690627
C#CC(C)CCC,0.2906010230179028,0.2692036645525018
C#CCC(C)CC,0.2893222506393862,0.26955602536997886
C#CCCC(C)C,0.290920716112532,0.26779422128259334
CC#CCC(C)C,0.29539641943734013,0.2787174066243833
C#CC(CC)CC,0.28900255754475707,0.2706131078224101
C#CC(C)C(C)C,0.2893222506393862,0.26779422128259334
C#CCC(C)(C)C,0.2915601023017903,0.26849894291754756
CC#CC(C)(C)C,0.2976342710997443,0.28012684989429176
C1=CCCCCC1,0.2829283887468031,0.26849894291754756
CCC#CC(C)C,0.2976342710997443,0.2832980972515856
C=CC(=O)OCC(C)C,0.33887468030690543,0.30902043692741366
CC(C)C(=O)C(C)C,0.3148976982097187,0.28999295278365045
CCCCCC(C)=O,0.3174552429667519,0.29739252995066945
CCCCC(=O)CC,0.3161764705882353,0.29598308668076106
C[C@H]1CCC[C@@H](O)C1,0.3104219948849105,0.2868217054263566
C[C@@H]1CCC[C@H](O)C1,0.3081841432225064,0.2892882311486963
CCCCCOC(C)=O,0.33887468030690543,0.3121916842847075
C=CCCCCC,0.31074168797953966,0.29985905567300913
C1CCCCCC1,0.2874040920716113,0.2741367159971811
CCCCCC(=O)OC,0.3375959079283887,0.30937279774489074
CCCC(=O)CCC,0.315537084398977,0.29633544749823815
CC(C)N(C#N)C(C)C,0.3686061381074169,0.32980972515856233
CC1CCCCC1,0.290920716112532,0.27836504580690624
CCCCCCC(=O)O,0.3366368286445013,0.30831571529245944
CC(C)CCC(C)([O])[O-],0.3379156010230179,0.30937279774489074
CCC1CCCC1,0.28964194373401536,0.2748414376321353
C[C@@H]1CCC[C@@H]1C,0.2886828644501279,0.2748414376321353
C[C@@H]1CCC[C@H]1C,0.2915601023017903,0.2776603241719521
C[C@@H]1CC[C@H](C)C1,0.2921994884910486,0.2797744890768146
C[C@@H]1CC[C@@H](C)C1,0.2915601023017903,0.2766032417195208
C/C=C\CCCC,0.31202046035805625,0.30162085976039466
C/C=C/CCCC,0.3139386189258312,0.30549682875264267
CC/C=C\CCC,0.31425831202046034,0.3026779422128259
CC/C=C/CCC,0.315537084398977,0.30796335447498235
C=C(C)CCCC,0.3117007672634271,0.29386892177589846
C=CC(C)CCC,0.31202046035805625,0.2977448907681466
C=CCC(C)CC,0.3110613810741688,0.2966878083157153
C=CCCC(C)C,0.31202046035805625,0.29809725158562367
CCCC=C(C)C,0.31521739130434784,0.30373502466525726
C/C=C(/C)CCC,0.3126598465473146,0.29704016913319237
C/C=C(\C)CCC,0.3126598465473146,0.29880197322057783
C/C=C\C(C)CC,0.31297953964194375,0.30091613812544044
C/C=C/C(C)CC,0.3145780051150895,0.3047921071176885
C/C=C\CC(C)C,0.31297953964194375,0.29985905567300913
C/C=C/CC(C)C,0.31521739130434784,0.30338266384778007
CC/C=C\C(C)C,0.31521739130434784,0.30408738548273434
CC/C=C/C(C)C,0.3168158567774936,0.30408738548273434
CC/C=C(/C)CC,0.3145780051150895,0.30162085976039466
CC/C=C(\C)CC,0.3145780051150895,0.3051444679351656
C=CC(CC)CC,0.3110613810741688,0.29633544749823815
C=C(C)C(C)CC,0.31010230179028136,0.2928118393234672
C=C(C)CC(C)C,0.31234015345268545,0.2935165609584214
C=CC(C)(C)CC,0.3104219948849105,0.29245947850599013
C=CC(C)C(C)C,0.31074168797953966,0.2942212825933756
CC=C(CC)CC,0.3117007672634271,0.29915433403805497
C=CCC(C)(C)C,0.31297953964194375,0.295630725863284
CCC(C)=C(C)C,0.31297953964194375,0.30162085976039466
CC(C)=CC(C)C,0.3168158567774936,0.3002114164904862
C/C=C(/C)C(C)C,0.3117007672634271,0.29915433403805497
C/C=C\C(C)(C)C,0.31297953964194375,0.2966878083157153
C/C=C/C(C)(C)C,0.315537084398977,0.30091613812544044
C=C(CC)C(C)C,0.3097826086956522,0.2935165609584214
C=C(C)C(C)(C)C,0.3097826086956522,0.2910500352360817
C/C=C(\C)C(C)C,0.31202046035805625,0.29915433403805497
CCCCCCOC=O,0.34335038363171355,0.31747709654686396
CC1CCCCC1O,0.307225063938619,0.2889358703312192
C[C@@H]1CCCC[C@H]1O,0.30914322250639387,0.2889358703312192
CCCC(C)CC=O,0.319693094629156,0.29739252995066945
CCCCCCCBr,0.41528132992327366,0.383368569415081
CCCCCCCF,0.315537084398977,0.29739252995066945
CCCCC[C@@H](C)O,0.3375959079283887,0.3171247357293869
CCCC[C@H](O)CC,0.33535805626598464,0.3153629316420014
CCCCCCC,0.31585677749360613,0.3047921071176885
CCCCCCCO,0.3350383631713555,0.3171247357293869
CCC(O)(CC)CC,0.33024296675191817,0.30761099365750527
CC(C)C(O)C(C)C,0.3337595907928389,0.30831571529245944
CCCCCCCS,0.41592071611253195,0.38794926004228325
CCCC(C)CC,0.3148976982097187,0.3005637773079633
CCCCC(C)C,0.3180946291560103,0.30197322057787174
CCCC(C)(C)C,0.31585677749360613,0.29915433403805497
CC(C)C(C)(C)C,0.31425831202046034,0.2952783650458069
CCC(C)C(C)C,0.3139386189258312,0.29598308668076106
CC(C)CC(C)C,0.3184143222506394,0.29915433403805497
CCC(CC)CC,0.31297953964194375,0.29809725158562367
CCCOCCOCCO,0.3813938618925832,0.34813248766737137
CCCCC(C)CO,0.3328005115089514,0.3136011275546159
CC(C)CCCCO,0.33983375959079287,0.3143058491895701
CCCCCOCCO,0.3583759590792839,0.3326286116983791
CCCCOCC(C)O,0.3618925831202046,0.3312191684284707
COCCOCCOCCO,0.39961636828644503,0.36152219873150104
CCCCCCCN,0.360613810741688,0.33826638477801263
c1ccc2nccnc2c1,0.3628516624040921,0.3668076109936575
C#Cc1ccccc1,0.32384910485933505,0.30162085976039466
N#CCc1ccccc1,0.32544757033248084,0.3086680761099365
CC(=O)c1ccc(Cl)cc1,0.40664961636828645,0.37174066243833687
CC(=O)c1ccccc1,0.340153452685422,0.3121916842847075
CC(=O)Oc1ccccc1,0.3548593350383632,0.3202959830866807
COC(=O)c1ccccc1,0.3590153452685422,0.32628611698379134
COC(=O)c1ccccc1O,0.38938618925831203,0.3453136011275546
C=Cc1ccccc1,0.34207161125319696,0.3231148696264975
C1=C\C=C/C=C\C=C/1,0.3289641943734016,0.30796335447498235
COc1ccc(C=O)cc1,0.3874680306905371,0.34390415785764616
O=COCc1ccccc1,0.3602941176470589,0.3252290345313601
O=C(CO)c1ccccc1,0.3727621483375959,0.32593375616631426
Cc1ccccc1C=O,0.3465473145780051,0.31747709654686396
Cc1ccc(C=O)cc1,0.3500639386189259,0.3252290345313601
Cc1cccc(C=O)c1,0.3487851662404092,0.3210007047216349
CN(C=O)c1ccccc1,0.38714833759590794,0.3491895701198027
Cc1ccc(Cl)cc1C,0.39418158567774936,0.3682170542635659
COc1ccccc1OC,0.3807544757033248,0.3435517970401691
Cc1ccc(O)c(C)c1,0.35198209718670076,0.3312191684284707
CCc1ccccc1,0.3321611253196931,0.31042988019732204
Cc1ccccc1C,0.33312020460358055,0.3121916842847075
Cc1cccc(C)c1,0.3350383631713555,0.3153629316420014
Cc1ccc(C)cc1,0.3356777493606138,0.3171247357293869
CC(O)c1ccccc1,0.3494245524296676,0.3255813953488372
CCc1ccccc1O,0.35421994884910485,0.3252290345313601
CCOc1ccccc1,0.35709718670076723,0.33051444679351655
OCCc1ccccc1,0.3494245524296676,0.324876673713883
C=CC(=O)OCCOC(=O)C=C,0.41560102301790286,0.3766737138830162
CCc1cccc(O)c1,0.35805626598465473,0.32910500352360816
Cc1cccc(C)c1N,0.39737851662404094,0.3530655391120507
CN(C)c1ccccc1,0.39833759590792833,0.3551797040169133
Cc1cc(C)cc(N)c1,0.39865728900255754,0.35835095137420714
CCNc1ccccc1,0.36892583120204603,0.3572938689217759
Cc1cc(C)nc(C)c1,0.3705242966751918,0.3530655391120507
CNCc1ccccc1,0.37531969309462915,0.3502466525722339
CCc1ccccc1N,0.3865089514066496,0.35059901338971106
CCOc1ccc(N)cc1,0.40569053708439895,0.3710359408033826
C1=C\CC/C=C\CC/1,0.33120204603580566,0.31747709654686396
C=CC1CC=CCC1,0.33695652173913043,0.3227625088090204
CC1=CC2CCC1C2,0.3139386189258312,0.303030303030303
CCCC1=CCCC1,0.3430306905370844,0.33016208597603947
C#CCCCCCC,0.3487851662404092,0.32170542635658916
CC#CCCCCC,0.35198209718670076,0.339323467230444
CCC#CCCCC,0.3539002557544757,0.3407329105003523
C1=CCCCCCC1,0.340153452685422,0.324876673713883
CCOC(=O)CCC(=O)OCC,0.41879795396419434,0.3752642706131078
C=C(C)CCC(=C)C,0.3676470588235294,0.3407329105003523
CC(C)=CC=C(C)C,0.39705882352941174,0.4023960535588442
CCCCCCC(C)=O,0.3765984654731458,0.3551797040169133
CCCCCCCC(=O)O,0.39705882352941174,0.36751233262861166
C1CCCCCCC1,0.34430946291560105,0.33192389006342493
CCOCCOCCOC(C)=O,0.4421355498721227,0.40098661028893584
CCC1(C)CCCC1,0.34718670076726343,0.32945736434108525
CC[C@@H]1CCC[C@H]1C,0.3491048593350384,0.332276250880902
CC[C@H]1CC[C@@H](C)C1,0.34782608695652173,0.33579985905567294
CC[C@H]1CC[C@H](C)C1,0.34782608695652173,0.33544749823819586
CC1CCCC1(C)C,0.3481457800511509,0.32840028188865394
CC1CCC(C)(C)C1,0.35134271099744246,0.3326286116983791
C[C@@H]1[C@H](C)CC[C@@H]1C,0.34718670076726343,0.328752642706131
C[C@H]1[C@H](C)CC[C@@H]1C,0.35070332480818417,0.3333333333333333
C[C@H]1C[C@@H](C)[C@@H](C)C1,0.34782608695652173,0.33192389006342493
C[C@@H]1C[C@@H](C)[C@@H](C)C1,0.3494245524296676,0.33192389006342493
CC1C[C@H](C)[C@@H](C)C1,0.35134271099744246,0.3347427766032417
CCC1CCCCC1,0.3481457800511509,0.32980972515856233
CC1(C)CCCCC1,0.3487851662404092,0.33086680761099363
C[C@@H]1CCCC[C@@H]1C,0.34622762148337594,0.33016208597603947
C[C@H]1CCCC[C@@H]1C,0.3497442455242967,0.3276955602536998
C[C@@H]1CCC[C@H](C)C1,0.35198209718670076,0.33544749823819586
C[C@H]1CCC[C@H](C)C1,0.3481457800511509,0.33157152924594785
C[C@H]1CC[C@@H](C)CC1,0.34846547314578,0.33157152924594785
C[C@H]1CC[C@H](C)CC1,0.35198209718670076,0.32804792107117686
C=CCCCCCC,0.3692455242966752,0.3548273431994362
C/C=C/CCCCC,0.37244245524296676,0.3597603946441156
CC/C=C\CCCC,0.37180306905370847,0.3597603946441156
CC/C=C/CCCC,0.375,0.36152219873150104
CCC/C=C\CCC,0.37308184143222506,0.3597603946441156
CCC/C=C/CCC,0.37468030690537085,0.3657505285412262
C=C(C)CCCCC,0.3705242966751918,0.3502466525722339
C=CC(C)CCCC,0.33248081841432225,0.3527131782945736
C=CC[C@H](C)CCC,0.3711636828644502,0.3527131782945736
C=CCCC(C)CC,0.3705242966751918,0.3548273431994362
C=CCCCC(C)C,0.370843989769821,0.35412262156448204
CCCCC=C(C)C,0.37308184143222506,0.3597603946441156
C/C=C(/C)CCCC,0.37244245524296676,0.3572938689217759
C/C=C(\C)CCCC,0.37244245524296676,0.36046511627906974
C/C=C\C(C)CCC,0.37180306905370847,0.3569415081042988
C/C=C/C(C)CCC,0.37180306905370847,0.36257928118393234
C/C=C\CC(C)CC,0.3711636828644502,0.3569415081042988
C/C=C/CC(C)CC,0.3711636828644502,0.36046511627906974
C/C=C\CCC(C)C,0.3727621483375959,0.35905567300916136
C/C=C/CCC(C)C,0.3727621483375959,0.3629316420014094
CCC/C=C/C(C)C,0.3756393861892583,0.36152219873150104
CCC/C=C\C(C)C,0.3756393861892583,0.3572938689217759
CCC/C=C(/C)CC,0.3721227621483376,0.36011275546159266
CCC/C=C(\C)CC,0.3721227621483376,0.3618745595489781
CC/C=C(/C)CCC,0.37308184143222506,0.3597603946441156
CC/C=C(\C)CCC,0.37308184143222506,0.35905567300916136
CC/C=C\C(C)CC,0.37404092071611256,0.36046511627906974
CC/C=C/C(C)CC,0.37404092071611256,0.3611698379140239
CC/C=C\CC(C)C,0.37404092071611256,0.3597603946441156
CC/C=C/CC(C)C,0.37404092071611256,0.3629316420014094
C=C(CC)CCCC,0.3698849104859335,0.35095137420718814
C=CC(CC)CCC,0.370843989769821,0.3513037350246653
C=CCC(CC)CC,0.3670076726342711,0.3530655391120507
C=C(C)C(C)CCC,0.3692455242966752,0.346723044397463
C=C(C)CC(C)CC,0.3702046035805627,0.34848484848484845
C=C(C)CCC(C)C,0.3711636828644502,0.34989429175475684
C=CC(C)C(C)CC,0.3695652173913043,0.3502466525722339
C=CC(C)CC(C)C,0.3711636828644502,0.3491895701198027
C=CCC(C)(C)CC,0.3692455242966752,0.35059901338971106
C=CCC(C)C(C)C,0.36796675191815853,0.3502466525722339
C=CCCC(C)(C)C,0.370843989769821,0.35341789992952777
C/C=C(/CC)CCC,0.3721227621483376,0.3569415081042988
C/C=C(\CC)CCC,0.3721227621483376,0.3572938689217759
C/C=C\C(CC)CC,0.36796675191815853,0.35412262156448204
C/C=C/C(CC)CC,0.36796675191815853,0.35799859055673006
CCCC(C)=C(C)C,0.37595907928388744,0.3597603946441156
CCC(C)C=C(C)C,0.3698849104859335,0.35553206483439037
CC(C)=CCC(C)C,0.3727621483375959,0.3608174770965468
C/C=C(/C)C(C)CC,0.36604859335038364,0.35341789992952777
C/C=C/C(C)(C)CC,0.370843989769821,0.3569415081042988
C/C=C\C(C)C(C)C,0.36892583120204603,0.3551797040169133
C/C=C/C(C)C(C)C,0.36892583120204603,0.3594080338266385
C/C=C\CC(C)(C)C,0.37244245524296676,0.3548273431994362
C/C=C/CC(C)(C)C,0.37340153452685426,0.35905567300916136
CCC=C(CC)CC,0.3714833759590793,0.3597603946441156
CC/C=C\C(C)(C)C,0.3737212276214834,0.35588442565186745
CC/C=C/C(C)(C)C,0.37595907928388744,0.3611698379140239
CC/C=C(/C)C(C)C,0.3698849104859335,0.3587033121916842
CC/C=C(\C)C(C)C,0.3698849104859335,0.36011275546159266
CC/C(C)=C/C(C)C,0.37531969309462915,0.36257928118393234
CC(C)/C=C\C(C)C,0.37180306905370847,0.3548273431994362
CC(C)/C=C/C(C)C,0.37180306905370847,0.36152219873150104
CC/C(C)=C(/C)CC,0.3714833759590793,0.3569415081042988
CC/C(C)=C(\C)CC,0.3714833759590793,0.35623678646934454
C=C(CCC)CCC,0.3698849104859335,0.3513037350246653
C=C(CCC)C(C)C,0.3698849104859335,0.35059901338971106
C=C(CC)C(C)CC,0.3670076726342711,0.34707540521494007
C=C(CC)CC(C)C,0.3695652173913043,0.35095137420718814
C=C(C)C(CC)CC,0.3676470588235294,0.34637068357998585
C=CC(C)(CC)CC,0.3705242966751918,0.3453136011275546
C=C(C)C(C)(C)CC,0.36668797953964194,0.3449612403100775
C=C(C)C(C)C(C)C,0.36828644501278773,0.3456659619450317
C=C(C)CC(C)(C)C,0.3705242966751918,0.3477801268498943
C=CC(C)(C)C(C)C,0.36732736572890023,0.34707540521494007
C=CC(C)C(C)(C)C,0.37180306905370847,0.34954193093727975
CCC(CC)=C(C)C,0.3711636828644502,0.3569415081042988
C/C=C(/CC)C(C)C,0.370843989769821,0.35341789992952777
C/C=C(\CC)C(C)C,0.3698849104859335,0.3527131782945736
CC(C)=C(C)C(C)C,0.3711636828644502,0.35553206483439037
CC(C)=CC(C)(C)C,0.3737212276214834,0.357646229739253
C/C=C(/C)C(C)(C)C,0.3698849104859335,0.3502466525722339
C/C=C(\C)C(C)(C)C,0.3698849104859335,0.3527131782945736
C=C(C(C)C)C(C)C,0.3657289002557545,0.346723044397463
C=C(CC)C(C)(C)C,0.3695652173913043,0.346723044397463
CC/C(C)=C\C(C)C,0.37308184143222506,0.3597603946441156
CCCCC(C=O)CC,0.37691815856777494,0.35377026074700496
CCCCCCCOC=O,0.39737851662404094,0.3752642706131078
CC(C)C1CCCC1,0.34846547314578,0.3333333333333333
CCCCC(=O)CCC,0.37531969309462915,0.35412262156448204
CCCCCCCCCl,0.43765984654731455,0.4097956307258633
CCCCCCCCBr,0.47346547314578,0.4415081042988019
CCCCCCCCF,0.3743606138107417,0.3551797040169133
CN(C)C1CCCCC1,0.39354219948849106,0.36257928118393234
CCCC(=O)N(CC)CC,0.41783887468030695,0.3844256518675123
CCCCCCCCO,0.39290281329923277,0.37385482734319936
CCCC[C@@H](CC)CO,0.3916240409207162,0.36856941508104296
CCCCCC[C@@H](C)O,0.39514066496163686,0.3749119097956307
CCCCC(C)CC,0.37531969309462915,0.3572938689217759
CC(C)CC(C)(C)C,0.375,0.35341789992952777
CCCCOCCCC,0.39897698209718674,0.37843551797040165
CC(C)(C)OC(C)(C)C,0.39929667519181583,0.3668076109936575
CC(C)(C)SC(C)(C)C,0.49648337595907927,0.45384073291050037
OCCOCCOCCOCCO,0.47570332480818417,0.4334038054968287
CCCCSCCCC,0.47826086956521735,0.45877378435517974
CCOCCOCCOCC,0.44437340153452687,0.40627202255109224
COCCOCCOCCOC,0.4638746803069054,0.42107117688513035
CCCCCC(C)C,0.37595907928388744,0.3597603946441156
CCC(C)(CC)CC,0.3698849104859335,0.35095137420718814
CCCC(CC)CC,0.3727621483375959,0.35377026074700496
CCC(CC)C(C)C,0.370843989769821,0.3513037350246653
CCCCC(C)(C)C,0.37627877237851665,0.35200845665961944
CCCC(C)C(C)C,0.37340153452685426,0.35059901338971106
CCC(C)CC(C)C,0.37755754475703324,0.3548273431994362
CC(C)CCC(C)C,0.3765984654731458,0.3551797040169133
CCCC(C)(C)CC,0.37308184143222506,0.35165609584214236
CCC(C)C(C)CC,0.3711636828644502,0.34989429175475684
CCC(C)C(C)(C)C,0.37244245524296676,0.3491895701198027
CC(C)C(C)C(C)C,0.3711636828644502,0.34954193093727975
CCCCCCOCCO,0.41975703324808183,0.39041578576462294
CCCCCCCCS,0.47538363171355497,0.4460887949260042
CCCCNCCCC,0.4210358056265984,0.39992952783650454
CCCCOP(O)OCCCC,0.5140664961636828,0.5042283298097251
CC(C)CNCC(C)C,0.42423273657289007,0.3949964763918252
CCO[Si](OCC)(OCC)OCC,0.5549872122762148,0.4844961240310078
CC[Si](CC)(CC)CC,0.49232736572890023,0.4570119802677942
FC(F)(F)C(F)(F)C(F)(F)C(F)(F)C(F)(F)C(F)(F)C(F)(F)C(F)(F)C(F)(F)F,0.47634271099744246,0.34954193093727975
c1ccc2cnccc2c1,0.4024936061381075,0.3826638477801268
c1ccc2ncccc2c1,0.41016624040920713,0.38759689922480617
O=C/C=C/c1ccccc1,0.43861892583120204,0.4164904862579281
C1=Cc2ccccc2C1,0.36796675191815853,0.34954193093727975
Cc1cc2ccccc2o1,0.38427109974424556,0.3692741367159972
C=C(C)c1ccccc1,0.39514066496163686,0.37174066243833687
CC(=O)Cc1ccccc1,0.38427109974424556,0.3653981677237491
CCC(=O)c1ccccc1,0.39705882352941174,0.3692741367159972
CCOC(=O)c1ccccc1,0.41943734015345263,0.3858350951374207
CC(=O)c1ccc(C)cc1,0.40345268542199486,0.38090204369274133
CCOC(=O)c1ccccc1O,0.44820971867007675,0.4034531360112755
c1ccc2c(c1)CCC2,0.36540920716112535,0.35059901338971106
C/C=C\c1ccccc1,0.39865728900255754,0.37914023960535587
C=Cc1cccc(C)c1,0.39546035805626595,0.38759689922480617
C=Cc1ccccc1C,0.39769820971867004,0.37878787878787873
C=Cc1ccc(C)cc1,0.39194373401534527,0.39252995066948554
CC(=O)OCc1ccccc1,0.4325447570332481,0.38019732205778717
C/C=C/c1ccccc1,0.40505115089514065,0.3928823114869626
N[C@@H](Cc1ccccc1)C(=O)O,0.46131713554987214,0.4087385482734319
Cc1cc(C)cc(C)c1,0.39641943734015345,0.37808315715292456
CC(C)c1ccccc1O,0.41336317135549877,0.3847780126849894
OCCCc1ccccc1,0.40473145780051156,0.3844256518675123
SCCCc1ccccc1,0.48721227621483376,0.45665961945031713
Cc1ccc(C)c(C)c1,0.39482097186700765,0.37632135306553904
CCc1ccccc1C,0.391304347826087,0.3706835799859055
CCc1cccc(C)c1,0.39450127877237856,0.3752642706131078
CCc1ccc(C)cc1,0.39546035805626595,0.3777307963354475
Cc1cccc(C)c1C,0.39194373401534527,0.37174066243833687
CCOCc1ccccc1,0.41016624040920713,0.38090204369274133
CCC(O)c1ccccc1,0.40153452685422,0.38195912614517263
CC(CO)c1ccccc1,0.40537084398976986,0.3823114869626497
CC(O)Cc1ccccc1,0.4111253196930946,0.38090204369274133
CN(C)Cc1ccccc1,0.43957800511508954,0.40627202255109224
CCC1=CC2CCC1C2,0.3721227621483376,0.35377026074700496
C#CCCCCCCC,0.40824808184143224,0.3893587033121917
CCCCC1=CCCC1,0.4018542199488492,0.3844256518675123
CC#CCCCCCC,0.4114450127877237,0.39006342494714585
CCC#CCCCCC,0.41336317135549877,0.39252995066948554
CCCCCCCCC(=O)O,0.4539641943734016,0.4252995066948555
CC(C)(C)C(=O)C(C)(C)C,0.43446291560102307,0.39957716701902746
CC(C)CC(=O)CC(C)C,0.43893861892583125,0.40380549682875266
CCCCC(=O)CCCC,0.43670076726342716,0.41190979563072583
CCCCCCCC(=O)OC,0.45748081841432225,0.4249471458773784
CCCCC1CCCC1,0.40728900255754474,0.38548273431994357
CC(C)CC1CCCC1,0.40824808184143224,0.3865398167723749
CCC(C)C1CCCC1,0.40537084398976986,0.38301620859760394
CCCC1(C)CCCC1,0.40441176470588236,0.3847780126849894
CCC[C@H]1CCC[C@@H]1C,0.40792838874680304,0.38830162085976033
CCC[C@@H]1CC[C@H](C)C1,0.40537084398976986,0.3907681465821
CCC[C@H]1CC[C@H](C)C1,0.40537084398976986,0.3890063424947146
CC(C)[C@H]1CCC[C@H]1C,0.40569053708439895,0.3851303735024665
CC(C)[C@@H]1CCC[C@H]1C,0.40856777493606133,0.38759689922480617
CC(C)[C@H]1CC[C@@H](C)C1,0.40441176470588236,0.3890063424947146
CC(C)[C@@H]1CC[C@@H](C)C1,0.40441176470588236,0.3907681465821
CCC1(CC)CCCC1,0.40313299232736577,0.38407329105003524
CC[C@@H]1CCC[C@@H]1CC,0.40409207161125327,0.38548273431994357
CC[C@H]1CCC[C@@H]1CC,0.40632992327365725,0.38759689922480617
CC[C@@H]1CC[C@H](CC)C1,0.40473145780051156,0.39217758985200846
CC[C@@H]1CCC(C)(C)C1,0.40664961636828645,0.3886539816772374
CC[C@]1(C)CCC[C@@H]1C,0.40441176470588236,0.3826638477801268
CC[C@]1(C)CCC[C@H]1C,0.40409207161125327,0.3823114869626497
CC[C@H]1C[C@@H](C)[C@@H](C)C1,0.4008951406649616,0.3890063424947146
CC[C@@H]1C[C@@H](C)[C@@H](C)C1,0.40441176470588236,0.38794926004228325
CC(C)C1CCCCC1,0.40601023017902815,0.3844256518675123
CCCCCCCCOC=O,0.45524296675191817,0.4334038054968287
CCCCCCCCCBr,0.5322890025575447,0.49999999999999994
CCCCCCCCCF,0.43318414322250637,0.41296687808315713
CCCCCCC(C)C,0.43542199488491046,0.41754756871035936
CC(C)CC(O)CC(C)C,0.45364450127877237,0.42459478505990134
CCCCCC(C)(C)C,0.43606138107416886,0.4143763213530655
CC(C)CCCC(C)C,0.43542199488491046,0.4147286821705426
CCCCC(C)CCCO,0.45780051150895146,0.42847075405214935
CCCCCC(C)CC,0.4338235294117648,0.4150810429880197
CCCCC(C)CCC,0.4338235294117648,0.4157857646229739
CCCCCCCCCO,0.45428388746803067,0.4326990838618745
CCCCCCCC(C)O,0.45204603580562663,0.43023255813953487
CCCCCCCCCS,0.532928388746803,0.5042283298097251
CC(C)C(C)(C)C(C)C,0.42679028132992325,0.4027484143763213
CC(C)CCC(C)(C)C,0.43574168797953966,0.4108527131782945
CCCN(CCC)CCC,0.48209718670076723,0.452783650458069
CCCOP(=O)(OCCC)OCCC,0.5901534526854219,0.5345313601127554
CCCCCCCCCN,0.47890025575447576,0.45419309372797745
Fc1c(F)c(F)c2c(F)c(F)c(F)c(F)c2c1F,0.4430946291560103,0.3981677237491191
FC1(F)C(F)(F)C(F)(F)C2(F)C(F)(F)C(F)(F)C(F)(F)C(F)(F)C2(F)C1(F)F,0.47026854219948844,0.3611698379140239
Brc1cccc2ccccc12,0.532928388746803,0.4992952783650458
Clc1cccc2ccccc12,0.5076726342710998,0.4675828047921071
Ic1cccc2ccccc12,0.5955882352941176,0.5606060606060607
Ic1ccc2ccccc2c1,0.612851662404092,0.5747004933051445
Clc1ccc2ccccc2c1,0.5051150895140665,0.47568710359408034
c1ccc2ccccc2c1,0.41368286445012786,0.4136715997181113
Nc1cccc2ccccc12,0.5025575447570333,0.45454545454545453
Nc1ccc2ccccc2c1,0.5099104859335039,0.4637068357998591
Cc1ccc2ccccc2n1,0.4750639386189259,0.4556025369978858
Cc1cccc2cccnc12,0.47474424552429667,0.45066948555320646
Cc1nc2ccccc2nc1C,0.47698209718670076,0.4996476391825229
COC(=O)c1ccccc1C(=O)OC,0.5022378516624041,0.4552501761804087
C=Cc1cccc(C=C)c1,0.46739130434782605,0.45102184637068354
CC1C=Cc2ccccc21,0.42966751918158563,0.40909090909090906
CC1=Cc2ccccc2C1,0.43062659846547313,0.41860465116279066
c1ccc2c(c1)CCCC2,0.421994884910486,0.40627202255109224
C/C=C/c1ccc(OC)cc1,0.49808184143222506,0.4781536293164199
C=Cc1ccccc1CC,0.45812020460358055,0.4369274136715997
C=Cc1cccc(CC)c1,0.4625959079283887,0.44467935165609584
C=Cc1ccc(CC)cc1,0.46611253196930946,0.45419309372797745
CCCOC(=O)c1ccccc1,0.47538363171355497,0.4450317124735729
Cc1ccc(C)c(C)c1C,0.45172634271099743,0.43410852713178294
CC(C)(C)c1ccccc1,0.44948849104859334,0.4252995066948555
CC(C)(C)c1ccccc1O,0.4737851662404093,0.4411557434813248
Cc1ccc(C(C)C)cc1O,0.4737851662404093,0.4513742071881607
Cc1ccc(C(C)C)cc1,0.45460358056265987,0.4358703312191684
CCCCc1ccccc1,0.45044757033248084,0.43058491895701195
CCc1ccccc1CC,0.4514066496163682,0.42952783650458065
CCc1cccc(CC)c1,0.4539641943734016,0.43446088794926
CCc1ccc(CC)cc1,0.4549232736572891,0.43833685694150804
CCc1cc(C)cc(C)c1,0.45620204603580566,0.43833685694150804
CC(C)Cc1ccccc1,0.4523657289002557,0.427061310782241
CCCc1cccc(C)c1,0.45428388746803067,0.4351656095842142
CCCc1ccc(C)cc1,0.45460358056265987,0.43833685694150804
CC[C@H](C)c1ccccc1,0.45044757033248084,0.4249471458773784
CCc1cccc(CC)c1N,0.543158567774936,0.47075405214940097
C1C2CC3CC1CC(C2)C3,0.38842710997442453,0.3928823114869626
C1CC[C@H]2CCCC[C@@H]2C1,0.43957800511508954,0.42389006342494706
CC1(C)O[C@]2(C)CC[C@H]1CC2,0.45780051150895146,0.43023255813953487
C1CC[C@H]2CCCC[C@H]2C1,0.44021739130434784,0.4189570119802678
CCCCCCCCCCBr,0.5911125319693094,0.558491895701198
CCCCCCCCCCF,0.49200767263427114,0.471106412966878
CCCCCCCCCC,0.4936061381074168,0.47850599013389705
CCCCCOCCCCC,0.5188618925831202,0.4943622269203664
CCCCCCCCCCO,0.5166240409207161,0.4908386187455955
CCCCCCCCCCS,0.5920716112531969,0.5627202255109232
CCCCCCCC(C)C,0.49392583120204603,0.47568710359408034
CCCCCCOCCOCCO,0.5617007672634271,0.52184637068358
CC(C)CCCCCCCO,0.5028772378516625,0.48801973220577866
O=Cc1cccc2ccccc12,0.5105498721227621,0.48097251585623674
O=Cc1ccc2ccccc2c1,0.5204603580562659,0.4943622269203664
Cc1cccc2ccccc12,0.49808184143222506,0.47463002114164904
Cc1ccc2ccccc2c1,0.5031969309462916,0.48273431994362226
CC(C)=C(C)c1ccccc1,0.5070332480818415,0.4901338971106413
CCCCCc1ccccc1,0.5099104859335039,0.48942917547568704
CC(C)(C)NCc1ccccc1,0.5540281329923273,0.52184637068358
CCCCCCCCCCC#N,0.5457161125319693,0.5341789992952783
CCCCCCCCCC(=O)OC,0.57193094629156,0.5415785764622973
CCCCCCCCCCCF,0.5508312020460358,0.529245947850599
CCCCCCCCCCC,0.5527493606138107,0.536645525017618
CCCCCCCCCCCO,0.5703324808184143,0.5493305144467935
CCCCCCCCCCCN,0.5962276214833759,0.5708245243128964
c1ccc2nc3ccccc3nc2c1,0.6278772378516624,0.6398872445384074
c1cc2c3c(cccc3c1)CC2,0.5380434782608695,0.5137420718816067
CCc1ccc2ccccc2c1,0.5620204603580562,0.5458069062720226
CCc1cccc2ccccc12,0.5572250639386189,0.5338266384778012
c1ccc(C2CCCCC2)cc1,0.5409207161125319,0.5137420718816067
CCCCN(C(C)=O)c1ccccc1,0.6163682864450127,0.5701198026779422
CCN(CC)C(=O)c1cccc(C)c1,0.6205242966751918,0.5828047921071176
Cc1c(C)c(C)c(C)c(C)c1C,0.5444373401534526,0.5563777307963355
CCCCCCc1ccccc1,0.567774936061381,0.547921071176885
CCc1ccc(CC)c(CC)c1,0.5748081841432225,0.5560253699788583
CCc1cc(CC)cc(CC)c1,0.5751278772378516,0.5570824524312896
CCCCCCCCCCCC#N,0.608695652173913,0.5923185341789993
CCCCCCCCCCCCBr,0.709079283887468,0.6754756871035941
CCCCCCCCCCCCF,0.6096547314578005,0.5873854827343199
CCCCCCCCCCCCO,0.6368286445012787,0.6074700493305145
CCCCCCCCCCCCS,0.7097186700767263,0.6797040169133192
CCCCN(CCCC)CCCC,0.6601662404092071,0.6254404510218463
CCCCP(CCCC)CCCC,0.7471227621483375,0.7237491190979563
CCCCOP(OCCCC)OCCCC,0.7679028132992327,0.7396053558844257
c1ccc2c(c1)Cc1ccccc1-2,0.5722506393861891,0.5680056377730794
O=C(c1ccccc1)c1ccccc1,0.59846547314578,0.5694150810429881
CCOC(=O)c1ccc2ccccc2c1,0.6524936061381074,0.6219168428470753
CCCc1cccc2ccccc12,0.6202046035805626,0.5940803382663847
CC(C)(C)c1cccc(C(C)(C)C)n1,0.6777493606138107,0.6342494714587738
CCCCCCCCCCCC(=O)OC,0.6895780051150895,0.6582100070472163
CCCCCCCCCCCCC,0.6726342710997442,0.653629316420014
Brc1c2ccccc2cc2ccccc12,0.7845268542199488,0.7713178294573643
Clc1c2ccccc2cc2ccccc12,0.7535166240409207,0.7392529950669484
c1ccc2cc3ccccc3cc2c1,0.6902173913043478,0.6849894291754756
c1ccc2c(c1)ccc1ccccc12,0.6687979539641943,0.6423537702607468
O=C(OCc1ccccc1)c1ccccc1,0.6652813299232736,0.63107822410148
c1ccc(COCc2ccccc2)cc1,0.6352301790281328,0.631430584918957
CCc1cc(CC)c(CC)c(CC)c1,0.6924552429667519,0.6730091613812544
CCCCCCCCCCCCCCF,0.7273017902813299,0.704369274136716
CCCCCCCCCCCCCC,0.7289002557544756,0.711768851303735
CCCCCCCCCCCCCCC,0.7880434782608695,0.770260747004933
c1cc2ccc3cccc4ccc(c1)c2c34,0.7813299232736571,0.7670894996476392
c1ccc2c(c1)-c1cccc3cccc-2c13,0.7851662404092071,0.7551092318534178
CCCCCCCCCCCCCCCC,0.8471867007672634,0.8291050035236082
c1ccc2c(c1)ccc1c3ccccc3ccc21,0.9069693094629155,0.8949964763918251
c1ccc2c(c1)c1ccccc1c1ccccc21,0.8724424552429667,0.8583509513742071
c1ccc2cc3cc4ccccc4cc3cc2c1,0.9108056265984655,1.0
CCCCOC(=O)CCCCCCCCC(=O)OCCCC,1.0,0.9577167019027483
